FECHA,CÃ³digo Municipio,Risk Level
2022-07-06,05001,51
2022-07-06,05002,84
2022-07-06,05004,50
2022-07-06,05021,86
2022-07-06,05030,27
2022-07-06,05031,3
2022-07-06,05034,80
2022-07-06,05036,65
2022-07-06,05038,68
2022-07-06,05040,68
2022-07-06,05042,35
2022-07-06,05044,69
2022-07-06,05045,28
2022-07-06,05051,62
2022-07-06,05055,41
2022-07-06,05059,95
2022-07-06,05079,81
2022-07-06,05086,77
2022-07-06,05088,52
2022-07-06,05091,27
2022-07-06,05093,24
2022-07-06,05101,22
2022-07-06,05107,84
2022-07-06,05113,77
2022-07-06,05120,3
2022-07-06,05125,56
2022-07-06,05129,77
2022-07-06,05134,93
2022-07-06,05138,29
2022-07-06,05142,54
2022-07-06,05145,42
2022-07-06,05147,22
2022-07-06,05148,95
2022-07-06,05150,2
2022-07-06,05154,7
2022-07-06,05172,42
2022-07-06,05190,94
2022-07-06,05197,96
2022-07-06,05206,61
2022-07-06,05209,79
2022-07-06,05212,41
2022-07-06,05234,10
2022-07-06,05237,91
2022-07-06,05240,50
2022-07-06,05250,1
2022-07-06,05264,13
2022-07-06,05266,89
2022-07-06,05282,75
2022-07-06,05284,53
2022-07-06,05306,92
2022-07-06,05308,41
2022-07-06,05310,67
2022-07-06,05313,18
2022-07-06,05315,53
2022-07-06,05318,14
2022-07-06,05321,65
2022-07-06,05347,19
2022-07-06,05353,25
2022-07-06,05360,8
2022-07-06,05361,1
2022-07-06,05364,97
2022-07-06,05368,17
2022-07-06,05376,24
2022-07-06,05380,23
2022-07-06,05390,24
2022-07-06,05400,78
2022-07-06,05411,8
2022-07-06,05425,71
2022-07-06,05440,86
2022-07-06,05467,77
2022-07-06,05475,22
2022-07-06,05480,89
2022-07-06,05483,23
2022-07-06,05490,89
2022-07-06,05495,22
2022-07-06,05501,70
2022-07-06,05541,99
2022-07-06,05543,27
2022-07-06,05576,67
2022-07-06,05579,11
2022-07-06,05585,78
2022-07-06,05591,35
2022-07-06,05604,27
2022-07-06,05607,54
2022-07-06,05615,63
2022-07-06,05628,31
2022-07-06,05631,49
2022-07-06,05642,33
2022-07-06,05647,99
2022-07-06,05649,24
2022-07-06,05652,14
2022-07-06,05656,94
2022-07-06,05658,62
2022-07-06,05659,45
2022-07-06,05660,20
2022-07-06,05664,95
2022-07-06,05665,72
2022-07-06,05667,69
2022-07-06,05670,31
2022-07-06,05674,51
2022-07-06,05679,75
2022-07-06,05686,54
2022-07-06,05690,6
2022-07-06,05697,25
2022-07-06,05736,95
2022-07-06,05756,4
2022-07-06,05761,52
2022-07-06,05789,27
2022-07-06,05790,59
2022-07-06,05792,10
2022-07-06,05809,37
2022-07-06,05819,97
2022-07-06,05837,16
2022-07-06,05842,29
2022-07-06,05847,41
2022-07-06,05854,17
2022-07-06,05856,21
2022-07-06,05858,42
2022-07-06,05861,89
2022-07-06,05873,45
2022-07-06,05885,2
2022-07-06,05887,73
2022-07-06,05890,86
2022-07-06,05893,25
2022-07-06,05895,63
2022-07-06,08001,85
2022-07-06,08078,46
2022-07-06,08137,8
2022-07-06,08141,88
2022-07-06,08296,26
2022-07-06,08372,13
2022-07-06,08421,14
2022-07-06,08433,52
2022-07-06,08436,33
2022-07-06,08520,18
2022-07-06,08549,30
2022-07-06,08558,72
2022-07-06,08560,36
2022-07-06,08573,89
2022-07-06,08606,74
2022-07-06,08634,92
2022-07-06,08638,89
2022-07-06,08675,15
2022-07-06,08685,60
2022-07-06,08758,23
2022-07-06,08770,57
2022-07-06,08832,29
2022-07-06,08849,93
2022-07-06,11001,1
2022-07-06,13001,98
2022-07-06,13006,1
2022-07-06,13030,57
2022-07-06,13042,90
2022-07-06,13052,22
2022-07-06,13062,10
2022-07-06,13074,5
2022-07-06,13140,91
2022-07-06,13160,73
2022-07-06,13188,82
2022-07-06,13212,50
2022-07-06,13222,3
2022-07-06,13244,6
2022-07-06,13248,50
2022-07-06,13268,92
2022-07-06,13300,37
2022-07-06,13430,78
2022-07-06,13433,83
2022-07-06,13440,59
2022-07-06,13442,63
2022-07-06,13458,82
2022-07-06,13468,57
2022-07-06,13473,13
2022-07-06,13490,17
2022-07-06,13549,63
2022-07-06,13580,22
2022-07-06,13600,89
2022-07-06,13620,21
2022-07-06,13647,7
2022-07-06,13650,27
2022-07-06,13654,34
2022-07-06,13655,57
2022-07-06,13657,58
2022-07-06,13667,23
2022-07-06,13670,88
2022-07-06,13673,80
2022-07-06,13683,13
2022-07-06,13688,79
2022-07-06,13744,9
2022-07-06,13760,60
2022-07-06,13780,65
2022-07-06,13810,60
2022-07-06,13836,97
2022-07-06,13838,68
2022-07-06,13873,90
2022-07-06,13894,7
2022-07-06,15001,12
2022-07-06,15022,7
2022-07-06,15047,55
2022-07-06,15051,78
2022-07-06,15087,49
2022-07-06,15090,39
2022-07-06,15092,11
2022-07-06,15097,40
2022-07-06,15104,11
2022-07-06,15106,49
2022-07-06,15109,85
2022-07-06,15114,87
2022-07-06,15131,86
2022-07-06,15135,9
2022-07-06,15162,12
2022-07-06,15172,11
2022-07-06,15176,65
2022-07-06,15180,74
2022-07-06,15183,43
2022-07-06,15185,53
2022-07-06,15187,78
2022-07-06,15189,1
2022-07-06,15204,49
2022-07-06,15212,60
2022-07-06,15215,64
2022-07-06,15218,54
2022-07-06,15223,90
2022-07-06,19318,30
2022-07-06,15224,99
2022-07-06,15226,90
2022-07-06,15232,31
2022-07-06,15236,25
2022-07-06,15238,27
2022-07-06,15244,88
2022-07-06,15248,92
2022-07-06,15272,98
2022-07-06,15276,39
2022-07-06,15293,38
2022-07-06,15296,59
2022-07-06,15299,39
2022-07-06,15317,92
2022-07-06,15322,43
2022-07-06,15325,9
2022-07-06,15332,83
2022-07-06,15362,2
2022-07-06,15367,50
2022-07-06,15368,5
2022-07-06,15377,99
2022-07-06,15380,35
2022-07-06,15401,97
2022-07-06,15403,22
2022-07-06,15407,87
2022-07-06,15425,75
2022-07-06,15442,86
2022-07-06,15455,92
2022-07-06,15464,65
2022-07-06,15466,70
2022-07-06,15469,28
2022-07-06,15476,54
2022-07-06,15480,13
2022-07-06,15491,1
2022-07-06,15494,11
2022-07-06,15500,54
2022-07-06,15507,16
2022-07-06,15511,76
2022-07-06,15514,68
2022-07-06,15516,43
2022-07-06,15518,84
2022-07-06,15522,64
2022-07-06,15531,6
2022-07-06,15533,83
2022-07-06,15537,4
2022-07-06,15542,17
2022-07-06,15550,76
2022-07-06,15572,67
2022-07-06,15580,42
2022-07-06,15599,63
2022-07-06,15600,66
2022-07-06,15621,87
2022-07-06,15632,44
2022-07-06,15638,15
2022-07-06,15646,44
2022-07-06,15660,8
2022-07-06,15664,90
2022-07-06,15667,1
2022-07-06,15673,35
2022-07-06,15676,42
2022-07-06,15681,33
2022-07-06,15686,55
2022-07-06,15690,16
2022-07-06,15693,52
2022-07-06,15696,44
2022-07-06,15720,67
2022-07-06,15723,72
2022-07-06,15740,19
2022-07-06,15753,74
2022-07-06,15755,23
2022-07-06,15757,51
2022-07-06,15759,58
2022-07-06,15761,2
2022-07-06,15762,78
2022-07-06,15763,70
2022-07-06,15764,58
2022-07-06,15774,12
2022-07-06,15776,40
2022-07-06,15778,93
2022-07-06,15790,9
2022-07-06,15798,73
2022-07-06,15804,19
2022-07-06,15806,62
2022-07-06,15808,41
2022-07-06,15810,62
2022-07-06,15814,57
2022-07-06,15816,84
2022-07-06,15820,15
2022-07-06,15822,4
2022-07-06,15832,82
2022-07-06,15835,9
2022-07-06,15837,20
2022-07-06,15839,75
2022-07-06,15842,84
2022-07-06,15861,62
2022-07-06,15879,25
2022-07-06,15897,89
2022-07-06,17001,8
2022-07-06,17013,93
2022-07-06,17042,13
2022-07-06,17050,44
2022-07-06,17088,65
2022-07-06,17174,46
2022-07-06,17272,54
2022-07-06,17380,51
2022-07-06,17388,66
2022-07-06,17433,23
2022-07-06,17442,98
2022-07-06,17444,39
2022-07-06,17446,18
2022-07-06,17486,6
2022-07-06,17495,68
2022-07-06,17513,38
2022-07-06,17524,73
2022-07-06,17541,63
2022-07-06,17614,56
2022-07-06,17616,82
2022-07-06,17653,20
2022-07-06,17662,2
2022-07-06,17665,65
2022-07-06,17777,94
2022-07-06,17867,34
2022-07-06,17873,67
2022-07-06,17877,73
2022-07-06,18001,80
2022-07-06,18029,42
2022-07-06,18094,49
2022-07-06,18150,19
2022-07-06,18205,99
2022-07-06,18247,73
2022-07-06,18256,64
2022-07-06,18410,36
2022-07-06,18460,4
2022-07-06,18479,40
2022-07-06,18592,50
2022-07-06,18610,39
2022-07-06,18753,76
2022-07-06,18756,85
2022-07-06,18785,29
2022-07-06,18860,30
2022-07-06,19001,13
2022-07-06,19022,15
2022-07-06,19050,80
2022-07-06,19075,4
2022-07-06,19100,24
2022-07-06,19110,86
2022-07-06,19130,80
2022-07-06,19137,89
2022-07-06,19142,9
2022-07-06,19212,23
2022-07-06,19256,21
2022-07-06,19290,70
2022-07-06,19300,72
2022-07-06,19355,30
2022-07-06,19364,17
2022-07-06,19392,13
2022-07-06,19397,66
2022-07-06,19418,39
2022-07-06,19450,38
2022-07-06,19455,19
2022-07-06,19473,9
2022-07-06,19513,30
2022-07-06,19517,54
2022-07-06,19532,83
2022-07-06,19533,4
2022-07-06,19548,34
2022-07-06,19573,22
2022-07-06,19585,53
2022-07-06,19622,28
2022-07-06,19693,31
2022-07-06,19698,42
2022-07-06,19701,50
2022-07-06,19743,56
2022-07-06,19760,88
2022-07-06,19780,21
2022-07-06,19785,26
2022-07-06,19807,94
2022-07-06,19809,18
2022-07-06,19821,49
2022-07-06,19824,65
2022-07-06,19845,18
2022-07-06,20001,28
2022-07-06,20011,77
2022-07-06,20013,91
2022-07-06,20032,34
2022-07-06,20045,84
2022-07-06,20060,95
2022-07-06,20175,86
2022-07-06,20178,26
2022-07-06,20228,43
2022-07-06,20238,3
2022-07-06,20250,97
2022-07-06,20295,85
2022-07-06,20310,3
2022-07-06,20383,95
2022-07-06,20400,21
2022-07-06,20443,60
2022-07-06,20517,18
2022-07-06,20550,30
2022-07-06,20570,51
2022-07-06,20614,22
2022-07-06,20621,93
2022-07-06,20710,25
2022-07-06,20750,54
2022-07-06,20770,17
2022-07-06,20787,39
2022-07-06,23001,9
2022-07-06,23068,43
2022-07-06,23079,67
2022-07-06,23090,47
2022-07-06,23162,14
2022-07-06,23168,98
2022-07-06,23182,35
2022-07-06,23189,61
2022-07-06,23300,12
2022-07-06,23350,22
2022-07-06,23417,8
2022-07-06,23419,26
2022-07-06,23464,21
2022-07-06,23466,97
2022-07-06,23500,26
2022-07-06,23555,94
2022-07-06,23570,33
2022-07-06,23574,78
2022-07-06,23580,99
2022-07-06,23586,90
2022-07-06,23660,56
2022-07-06,23670,41
2022-07-06,23672,88
2022-07-06,23675,32
2022-07-06,23678,3
2022-07-06,23682,95
2022-07-06,23686,41
2022-07-06,23807,78
2022-07-06,23815,92
2022-07-06,23855,89
2022-07-06,25001,37
2022-07-06,25019,25
2022-07-06,25035,92
2022-07-06,25040,5
2022-07-06,25053,99
2022-07-06,25086,70
2022-07-06,25095,18
2022-07-06,25099,35
2022-07-06,25120,34
2022-07-06,25123,92
2022-07-06,25126,35
2022-07-06,25148,49
2022-07-06,25151,44
2022-07-06,25154,40
2022-07-06,25168,97
2022-07-06,25175,13
2022-07-06,25178,28
2022-07-06,25181,33
2022-07-06,25183,64
2022-07-06,25200,34
2022-07-06,25214,18
2022-07-06,25224,95
2022-07-06,25245,34
2022-07-06,25258,31
2022-07-06,25260,21
2022-07-06,25269,4
2022-07-06,25279,73
2022-07-06,25281,17
2022-07-06,25286,49
2022-07-06,25288,31
2022-07-06,25290,43
2022-07-06,25293,58
2022-07-06,25295,50
2022-07-06,25297,84
2022-07-06,25299,88
2022-07-06,25307,47
2022-07-06,25312,37
2022-07-06,25317,82
2022-07-06,25320,95
2022-07-06,25322,46
2022-07-06,25324,69
2022-07-06,25326,50
2022-07-06,25328,44
2022-07-06,25335,85
2022-07-06,25339,17
2022-07-06,25368,5
2022-07-06,25372,70
2022-07-06,25377,92
2022-07-06,25386,98
2022-07-06,25394,83
2022-07-06,25398,66
2022-07-06,25402,72
2022-07-06,25407,16
2022-07-06,25426,99
2022-07-06,25430,97
2022-07-06,25436,26
2022-07-06,25438,46
2022-07-06,25473,2
2022-07-06,25483,10
2022-07-06,25486,74
2022-07-06,25488,25
2022-07-06,25489,66
2022-07-06,25491,66
2022-07-06,25506,31
2022-07-06,25513,79
2022-07-06,25518,46
2022-07-06,25524,34
2022-07-06,25530,38
2022-07-06,25535,90
2022-07-06,25572,54
2022-07-06,25580,40
2022-07-06,25592,22
2022-07-06,25594,87
2022-07-06,25596,54
2022-07-06,25599,12
2022-07-06,25612,12
2022-07-06,25645,13
2022-07-06,25649,89
2022-07-06,25653,92
2022-07-06,25658,38
2022-07-06,25662,2
2022-07-06,25718,51
2022-07-06,25736,78
2022-07-06,25740,34
2022-07-06,25743,33
2022-07-06,25745,45
2022-07-06,25754,41
2022-07-06,25758,18
2022-07-06,25769,78
2022-07-06,25772,7
2022-07-06,25777,63
2022-07-06,25779,13
2022-07-06,25781,79
2022-07-06,25785,15
2022-07-06,25793,64
2022-07-06,25797,8
2022-07-06,25799,12
2022-07-06,25805,18
2022-07-06,25807,15
2022-07-06,25815,64
2022-07-06,25817,54
2022-07-06,25823,71
2022-07-06,25839,47
2022-07-06,25841,69
2022-07-06,25843,85
2022-07-06,25845,98
2022-07-06,25851,40
2022-07-06,25862,93
2022-07-06,25867,55
2022-07-06,25871,9
2022-07-06,25873,59
2022-07-06,25875,84
2022-07-06,25878,89
2022-07-06,25885,25
2022-07-06,25898,85
2022-07-06,25899,28
2022-07-06,27001,60
2022-07-06,27006,39
2022-07-06,27025,63
2022-07-06,27050,24
2022-07-06,27073,80
2022-07-06,27075,33
2022-07-06,27077,56
2022-07-06,27099,51
2022-07-06,27135,28
2022-07-06,27150,40
2022-07-06,27160,81
2022-07-06,27205,66
2022-07-06,27245,56
2022-07-06,27250,73
2022-07-06,27361,99
2022-07-06,27372,28
2022-07-06,27413,50
2022-07-06,27425,11
2022-07-06,27430,73
2022-07-06,27450,23
2022-07-06,27491,66
2022-07-06,27495,5
2022-07-06,27580,19
2022-07-06,27600,99
2022-07-06,27615,45
2022-07-06,27660,76
2022-07-06,27745,85
2022-07-06,27787,39
2022-07-06,27800,9
2022-07-06,27810,44
2022-07-06,41001,83
2022-07-06,41006,54
2022-07-06,41013,58
2022-07-06,41016,64
2022-07-06,41020,26
2022-07-06,41026,95
2022-07-06,41078,97
2022-07-06,41132,41
2022-07-06,41206,34
2022-07-06,41244,29
2022-07-06,41298,35
2022-07-06,41306,13
2022-07-06,41319,27
2022-07-06,41349,39
2022-07-06,41357,66
2022-07-06,41359,96
2022-07-06,41378,36
2022-07-06,41396,1
2022-07-06,41483,96
2022-07-06,41503,6
2022-07-06,41518,82
2022-07-06,41524,67
2022-07-06,41530,80
2022-07-06,41548,6
2022-07-06,41551,92
2022-07-06,41615,47
2022-07-06,41660,78
2022-07-06,41668,90
2022-07-06,41676,97
2022-07-06,41770,15
2022-07-06,41791,38
2022-07-06,41797,23
2022-07-06,41799,30
2022-07-06,41801,47
2022-07-06,41807,22
2022-07-06,41872,92
2022-07-06,41885,68
2022-07-06,44001,26
2022-07-06,44035,28
2022-07-06,44078,14
2022-07-06,44090,89
2022-07-06,44098,77
2022-07-06,44110,25
2022-07-06,44279,94
2022-07-06,44378,1
2022-07-06,44420,56
2022-07-06,44430,92
2022-07-06,44560,14
2022-07-06,44650,5
2022-07-06,44847,29
2022-07-06,44855,50
2022-07-06,44874,6
2022-07-06,47001,26
2022-07-06,47030,83
2022-07-06,47053,82
2022-07-06,47058,97
2022-07-06,47161,74
2022-07-06,47170,77
2022-07-06,47189,16
2022-07-06,47205,66
2022-07-06,47245,51
2022-07-06,47258,10
2022-07-06,47268,87
2022-07-06,47288,96
2022-07-06,47318,64
2022-07-06,47460,54
2022-07-06,47541,70
2022-07-06,47545,74
2022-07-06,47551,61
2022-07-06,47555,73
2022-07-06,47570,60
2022-07-06,47605,9
2022-07-06,47660,75
2022-07-06,47675,48
2022-07-06,47692,50
2022-07-06,47703,74
2022-07-06,47707,91
2022-07-06,47720,39
2022-07-06,47745,48
2022-07-06,47798,41
2022-07-06,47960,52
2022-07-06,47980,80
2022-07-06,50001,85
2022-07-06,50006,91
2022-07-06,50110,12
2022-07-06,50124,37
2022-07-06,50150,96
2022-07-06,50223,37
2022-07-06,50226,52
2022-07-06,50245,84
2022-07-06,50251,81
2022-07-06,50270,21
2022-07-06,50287,46
2022-07-06,50313,93
2022-07-06,50318,86
2022-07-06,50325,84
2022-07-06,50330,60
2022-07-06,50350,74
2022-07-06,50370,46
2022-07-06,50400,6
2022-07-06,50450,18
2022-07-06,50568,49
2022-07-06,50573,43
2022-07-06,50577,41
2022-07-06,50590,6
2022-07-06,50606,50
2022-07-06,50680,39
2022-07-06,50683,29
2022-07-06,50686,47
2022-07-06,50689,39
2022-07-06,50711,26
2022-07-06,52001,48
2022-07-06,52019,93
2022-07-06,52022,3
2022-07-06,52036,73
2022-07-06,52051,29
2022-07-06,52079,29
2022-07-06,52083,26
2022-07-06,52110,54
2022-07-06,52203,41
2022-07-06,52207,74
2022-07-06,52210,34
2022-07-06,52215,23
2022-07-06,52224,46
2022-07-06,52227,20
2022-07-06,52233,33
2022-07-06,52240,20
2022-07-06,52250,17
2022-07-06,52254,12
2022-07-06,52256,96
2022-07-06,52258,92
2022-07-06,52260,23
2022-07-06,52287,30
2022-07-06,52317,9
2022-07-06,52320,96
2022-07-06,52323,83
2022-07-06,52352,38
2022-07-06,52354,61
2022-07-06,52356,85
2022-07-06,52378,63
2022-07-06,52381,31
2022-07-06,52385,7
2022-07-06,52390,98
2022-07-06,52399,46
2022-07-06,52405,38
2022-07-06,52411,21
2022-07-06,52418,23
2022-07-06,52427,91
2022-07-06,52435,31
2022-07-06,52473,84
2022-07-06,52480,91
2022-07-06,52490,40
2022-07-06,52506,27
2022-07-06,52520,12
2022-07-06,52540,40
2022-07-06,52560,88
2022-07-06,52565,10
2022-07-06,52573,32
2022-07-06,52585,91
2022-07-06,52612,14
2022-07-06,52621,9
2022-07-06,52678,77
2022-07-06,52683,53
2022-07-06,52685,75
2022-07-06,52687,28
2022-07-06,52693,25
2022-07-06,52694,4
2022-07-06,52696,80
2022-07-06,52699,17
2022-07-06,52720,87
2022-07-06,52786,65
2022-07-06,52788,8
2022-07-06,52835,56
2022-07-06,52838,94
2022-07-06,52885,63
2022-07-06,54001,33
2022-07-06,54003,9
2022-07-06,54051,16
2022-07-06,54099,15
2022-07-06,54109,80
2022-07-06,54125,51
2022-07-06,54128,10
2022-07-06,54172,63
2022-07-06,54174,25
2022-07-06,54206,36
2022-07-06,54223,45
2022-07-06,54239,68
2022-07-06,54245,84
2022-07-06,54250,51
2022-07-06,54261,68
2022-07-06,54313,92
2022-07-06,54344,67
2022-07-06,54347,15
2022-07-06,54377,24
2022-07-06,54385,7
2022-07-06,54398,58
2022-07-06,54405,41
2022-07-06,54418,15
2022-07-06,54480,78
2022-07-06,54498,18
2022-07-06,54518,19
2022-07-06,54520,89
2022-07-06,54553,35
2022-07-06,54599,50
2022-07-06,54660,17
2022-07-06,54670,42
2022-07-06,54673,43
2022-07-06,54680,36
2022-07-06,54720,31
2022-07-06,54743,31
2022-07-06,54800,30
2022-07-06,54810,11
2022-07-06,54820,85
2022-07-06,54871,85
2022-07-06,54874,63
2022-07-06,63001,3
2022-07-06,63111,10
2022-07-06,63130,82
2022-07-06,63190,54
2022-07-06,63212,60
2022-07-06,63272,58
2022-07-06,63302,28
2022-07-06,63401,84
2022-07-06,63470,82
2022-07-06,63548,23
2022-07-06,63594,60
2022-07-06,63690,92
2022-07-06,66001,27
2022-07-06,66045,92
2022-07-06,66075,43
2022-07-06,66088,7
2022-07-06,66170,82
2022-07-06,66318,84
2022-07-06,66383,84
2022-07-06,66400,95
2022-07-06,66440,73
2022-07-06,66456,62
2022-07-06,66572,52
2022-07-06,66594,70
2022-07-06,66682,99
2022-07-06,66687,43
2022-07-06,68001,56
2022-07-06,68013,58
2022-07-06,68020,38
2022-07-06,68051,23
2022-07-06,68077,73
2022-07-06,68079,94
2022-07-06,68081,47
2022-07-06,68092,33
2022-07-06,68101,8
2022-07-06,68121,29
2022-07-06,68132,7
2022-07-06,68147,51
2022-07-06,68152,24
2022-07-06,68160,69
2022-07-06,68162,79
2022-07-06,68167,42
2022-07-06,68169,34
2022-07-06,68176,71
2022-07-06,68179,7
2022-07-06,68190,6
2022-07-06,68207,73
2022-07-06,68209,40
2022-07-06,68211,95
2022-07-06,68217,25
2022-07-06,68229,12
2022-07-06,68235,29
2022-07-06,68245,60
2022-07-06,68250,83
2022-07-06,68255,72
2022-07-06,68264,17
2022-07-06,68266,11
2022-07-06,68271,45
2022-07-06,68276,12
2022-07-06,68296,67
2022-07-06,68298,49
2022-07-06,68307,34
2022-07-06,68318,67
2022-07-06,68320,95
2022-07-06,68322,19
2022-07-06,68324,97
2022-07-06,68327,2
2022-07-06,68344,8
2022-07-06,68368,13
2022-07-06,68370,58
2022-07-06,68377,56
2022-07-06,68385,36
2022-07-06,68397,60
2022-07-06,68406,76
2022-07-06,68418,8
2022-07-06,68425,95
2022-07-06,68432,64
2022-07-06,68444,47
2022-07-06,68464,37
2022-07-06,68468,55
2022-07-06,68498,1
2022-07-06,68500,62
2022-07-06,68502,77
2022-07-06,68522,99
2022-07-06,68524,82
2022-07-06,68533,11
2022-07-06,68547,98
2022-07-06,68549,99
2022-07-06,68572,53
2022-07-06,68573,94
2022-07-06,68575,67
2022-07-06,68615,99
2022-07-06,68655,37
2022-07-06,68669,32
2022-07-06,68673,65
2022-07-06,68679,42
2022-07-06,68682,61
2022-07-06,68684,40
2022-07-06,68686,38
2022-07-06,68689,36
2022-07-06,68705,73
2022-07-06,68720,83
2022-07-06,68745,43
2022-07-06,68755,23
2022-07-06,68770,53
2022-07-06,68773,71
2022-07-06,68780,92
2022-07-06,68820,75
2022-07-06,68855,58
2022-07-06,68861,84
2022-07-06,68867,60
2022-07-06,68872,48
2022-07-06,68895,38
2022-07-06,70001,22
2022-07-06,70110,33
2022-07-06,70124,93
2022-07-06,70204,13
2022-07-06,70215,29
2022-07-06,70221,91
2022-07-06,70230,28
2022-07-06,70233,90
2022-07-06,70235,14
2022-07-06,70265,15
2022-07-06,70400,31
2022-07-06,70418,37
2022-07-06,70429,45
2022-07-06,70473,89
2022-07-06,70508,93
2022-07-06,70523,17
2022-07-06,70670,27
2022-07-06,70678,20
2022-07-06,70702,72
2022-07-06,70708,87
2022-07-06,70713,15
2022-07-06,70717,53
2022-07-06,70742,87
2022-07-06,70771,96
2022-07-06,70820,86
2022-07-06,70823,47
2022-07-06,73001,50
2022-07-06,73024,5
2022-07-06,73026,85
2022-07-06,73030,11
2022-07-06,73043,19
2022-07-06,73055,94
2022-07-06,73067,89
2022-07-06,73124,38
2022-07-06,73148,51
2022-07-06,73152,56
2022-07-06,73168,15
2022-07-06,73200,6
2022-07-06,73217,31
2022-07-06,73226,14
2022-07-06,73236,1
2022-07-06,73268,44
2022-07-06,73270,85
2022-07-06,73275,71
2022-07-06,73283,47
2022-07-06,73319,70
2022-07-06,73347,2
2022-07-06,73349,71
2022-07-06,73352,21
2022-07-06,73408,98
2022-07-06,73411,94
2022-07-06,73443,48
2022-07-06,73449,6
2022-07-06,73461,44
2022-07-06,73483,66
2022-07-06,73504,77
2022-07-06,73520,74
2022-07-06,73547,71
2022-07-06,73555,9
2022-07-06,73563,86
2022-07-06,73585,54
2022-07-06,73616,22
2022-07-06,73622,96
2022-07-06,73624,38
2022-07-06,73671,44
2022-07-06,73675,42
2022-07-06,73678,54
2022-07-06,73686,19
2022-07-06,73770,72
2022-07-06,73854,51
2022-07-06,73861,13
2022-07-06,73870,62
2022-07-06,73873,79
2022-07-06,76001,53
2022-07-06,76020,80
2022-07-06,76036,2
2022-07-06,76041,85
2022-07-06,76054,44
2022-07-06,76100,8
2022-07-06,76109,53
2022-07-06,76111,9
2022-07-06,76113,63
2022-07-06,76122,52
2022-07-06,76126,87
2022-07-06,76130,44
2022-07-06,76147,29
2022-07-06,76233,53
2022-07-06,76243,86
2022-07-06,76246,43
2022-07-06,76248,12
2022-07-06,76250,99
2022-07-06,76275,91
2022-07-06,76306,29
2022-07-06,76318,55
2022-07-06,76364,75
2022-07-06,76377,18
2022-07-06,76400,83
2022-07-06,76403,97
2022-07-06,76497,81
2022-07-06,76520,94
2022-07-06,76563,14
2022-07-06,76606,31
2022-07-06,76616,76
2022-07-06,76622,36
2022-07-06,76670,48
2022-07-06,76736,63
2022-07-06,76823,18
2022-07-06,76828,7
2022-07-06,76834,60
2022-07-06,76845,21
2022-07-06,76863,40
2022-07-06,76869,90
2022-07-06,76890,37
2022-07-06,76892,29
2022-07-06,76895,99
2022-07-06,81001,30
2022-07-06,81065,66
2022-07-06,81220,16
2022-07-06,81300,41
2022-07-06,81591,13
2022-07-06,81736,26
2022-07-06,81794,75
2022-07-06,85001,80
2022-07-06,85010,61
2022-07-06,85015,72
2022-07-06,85125,67
2022-07-06,85136,46
2022-07-06,85139,71
2022-07-06,85162,88
2022-07-06,85225,24
2022-07-06,85230,65
2022-07-06,85250,80
2022-07-06,85263,96
2022-07-06,85279,16
2022-07-06,85300,40
2022-07-06,85315,74
2022-07-06,85325,97
2022-07-06,85400,34
2022-07-06,85410,90
2022-07-06,85430,83
2022-07-06,85440,97
2022-07-06,86001,83
2022-07-06,86219,73
2022-07-06,86320,57
2022-07-06,86568,9
2022-07-06,86569,87
2022-07-06,86571,49
2022-07-06,86573,38
2022-07-06,86749,67
2022-07-06,86755,21
2022-07-06,86757,9
2022-07-06,86760,34
2022-07-06,86865,91
2022-07-06,86885,15
2022-07-06,88001,80
2022-07-06,88564,70
2022-07-06,91001,55
2022-07-06,91263,19
2022-07-06,91405,25
2022-07-06,91407,25
2022-07-06,91430,53
2022-07-06,91460,36
2022-07-06,91530,19
2022-07-06,91536,19
2022-07-06,91540,75
2022-07-06,91669,21
2022-07-06,91798,46
2022-07-06,94001,59
2022-07-06,94343,19
2022-07-06,94883,43
2022-07-06,94884,10
2022-07-06,94885,21
2022-07-06,94886,44
2022-07-06,94887,10
2022-07-06,94888,89
2022-07-06,95001,88
2022-07-06,95015,30
2022-07-06,95025,85
2022-07-06,95200,42
2022-07-06,97001,29
2022-07-06,97161,90
2022-07-06,97511,21
2022-07-06,97666,39
2022-07-06,97777,67
2022-07-06,97889,20
2022-07-06,99001,40
2022-07-06,99524,15
2022-07-06,99624,38
2022-07-06,99773,24
2022-07-06,94663,83
2022-07-05,05001,61
2022-07-05,05002,78
2022-07-05,05004,66
2022-07-05,05021,42
2022-07-05,05030,20
2022-07-05,05031,51
2022-07-05,05034,28
2022-07-05,05036,42
2022-07-05,05038,63
2022-07-05,05040,39
2022-07-05,05042,41
2022-07-05,05044,77
2022-07-05,05045,72
2022-07-05,05051,68
2022-07-05,05055,9
2022-07-05,05059,83
2022-07-05,05079,10
2022-07-05,05086,54
2022-07-05,05088,19
2022-07-05,05091,61
2022-07-05,05093,75
2022-07-05,05101,70
2022-07-05,05107,41
2022-07-05,05113,99
2022-07-05,05120,18
2022-07-05,05125,22
2022-07-05,05129,5
2022-07-05,05134,80
2022-07-05,05138,22
2022-07-05,05142,53
2022-07-05,05145,34
2022-07-05,05147,22
2022-07-05,05148,25
2022-07-05,05150,7
2022-07-05,05154,34
2022-07-05,05172,55
2022-07-05,05190,44
2022-07-05,05197,50
2022-07-05,05206,75
2022-07-05,05209,78
2022-07-05,05212,33
2022-07-05,05234,59
2022-07-05,05237,12
2022-07-05,05240,37
2022-07-05,05250,47
2022-07-05,05264,61
2022-07-05,05266,38
2022-07-05,05282,36
2022-07-05,05284,77
2022-07-05,05306,43
2022-07-05,05308,48
2022-07-05,05310,27
2022-07-05,05313,13
2022-07-05,05315,21
2022-07-05,05318,38
2022-07-05,05321,95
2022-07-05,05347,56
2022-07-05,05353,15
2022-07-05,05360,46
2022-07-05,05361,23
2022-07-05,05364,28
2022-07-05,05368,50
2022-07-05,05376,91
2022-07-05,05380,99
2022-07-05,05390,73
2022-07-05,05400,35
2022-07-05,05411,98
2022-07-05,05425,34
2022-07-05,05440,3
2022-07-05,05467,61
2022-07-05,05475,16
2022-07-05,05480,28
2022-07-05,05483,70
2022-07-05,05490,27
2022-07-05,05495,36
2022-07-05,05501,69
2022-07-05,05541,51
2022-07-05,05543,68
2022-07-05,05576,36
2022-07-05,05579,52
2022-07-05,05585,81
2022-07-05,05591,82
2022-07-05,05604,83
2022-07-05,05607,74
2022-07-05,05615,29
2022-07-05,05628,76
2022-07-05,05631,44
2022-07-05,05642,66
2022-07-05,05647,54
2022-07-05,05649,55
2022-07-05,05652,29
2022-07-05,05656,89
2022-07-05,05658,24
2022-07-05,05659,1
2022-07-05,05660,16
2022-07-05,05664,78
2022-07-05,05665,10
2022-07-05,05667,93
2022-07-05,05670,2
2022-07-05,05674,12
2022-07-05,05679,64
2022-07-05,05686,39
2022-07-05,05690,5
2022-07-05,05697,11
2022-07-05,05736,34
2022-07-05,05756,59
2022-07-05,05761,21
2022-07-05,05789,32
2022-07-05,05790,36
2022-07-05,05792,90
2022-07-05,05809,50
2022-07-05,05819,67
2022-07-05,05837,40
2022-07-05,05842,99
2022-07-05,05847,99
2022-07-05,05854,64
2022-07-05,05856,3
2022-07-05,05858,35
2022-07-05,05861,57
2022-07-05,05873,11
2022-07-05,05885,25
2022-07-05,05887,26
2022-07-05,05890,20
2022-07-05,05893,97
2022-07-05,05895,55
2022-07-05,08001,32
2022-07-05,08078,25
2022-07-05,08137,69
2022-07-05,08141,44
2022-07-05,08296,75
2022-07-05,08372,14
2022-07-05,08421,48
2022-07-05,08433,96
2022-07-05,08436,59
2022-07-05,08520,45
2022-07-05,08549,61
2022-07-05,08558,68
2022-07-05,08560,23
2022-07-05,08573,17
2022-07-05,08606,48
2022-07-05,08634,72
2022-07-05,08638,47
2022-07-05,08675,11
2022-07-05,08685,75
2022-07-05,08758,35
2022-07-05,08770,74
2022-07-05,08832,50
2022-07-05,08849,71
2022-07-05,11001,47
2022-07-05,13001,58
2022-07-05,13006,99
2022-07-05,13030,53
2022-07-05,13042,2
2022-07-05,13052,34
2022-07-05,13062,69
2022-07-05,13074,72
2022-07-05,13140,40
2022-07-05,13160,22
2022-07-05,13188,38
2022-07-05,13212,70
2022-07-05,13222,73
2022-07-05,13244,70
2022-07-05,13248,37
2022-07-05,13268,66
2022-07-05,13300,99
2022-07-05,13430,95
2022-07-05,13433,41
2022-07-05,13440,31
2022-07-05,13442,60
2022-07-05,13458,21
2022-07-05,13468,17
2022-07-05,13473,15
2022-07-05,13490,2
2022-07-05,13549,8
2022-07-05,13580,87
2022-07-05,13600,80
2022-07-05,13620,63
2022-07-05,13647,5
2022-07-05,13650,62
2022-07-05,13654,72
2022-07-05,13655,41
2022-07-05,13657,67
2022-07-05,13667,68
2022-07-05,13670,49
2022-07-05,13673,1
2022-07-05,13683,86
2022-07-05,13688,98
2022-07-05,13744,34
2022-07-05,13760,89
2022-07-05,13780,6
2022-07-05,13810,69
2022-07-05,13836,29
2022-07-05,13838,98
2022-07-05,13873,27
2022-07-05,13894,86
2022-07-05,15001,76
2022-07-05,15022,69
2022-07-05,15047,92
2022-07-05,15051,54
2022-07-05,15087,10
2022-07-05,15090,61
2022-07-05,15092,56
2022-07-05,15097,92
2022-07-05,15104,25
2022-07-05,15106,48
2022-07-05,15109,97
2022-07-05,15114,89
2022-07-05,15131,65
2022-07-05,15135,89
2022-07-05,15162,51
2022-07-05,15172,91
2022-07-05,15176,10
2022-07-05,15180,94
2022-07-05,15183,58
2022-07-05,15185,34
2022-07-05,15187,51
2022-07-05,15189,8
2022-07-05,15204,65
2022-07-05,15212,71
2022-07-05,15215,26
2022-07-05,15218,70
2022-07-05,15223,22
2022-07-05,19318,60
2022-07-05,15224,72
2022-07-05,15226,57
2022-07-05,15232,65
2022-07-05,15236,14
2022-07-05,15238,83
2022-07-05,15244,62
2022-07-05,15248,61
2022-07-05,15272,23
2022-07-05,15276,29
2022-07-05,15293,7
2022-07-05,15296,18
2022-07-05,15299,66
2022-07-05,15317,92
2022-07-05,15322,34
2022-07-05,15325,41
2022-07-05,15332,52
2022-07-05,15362,19
2022-07-05,15367,15
2022-07-05,15368,86
2022-07-05,15377,93
2022-07-05,15380,70
2022-07-05,15401,8
2022-07-05,15403,53
2022-07-05,15407,52
2022-07-05,15425,73
2022-07-05,15442,87
2022-07-05,15455,57
2022-07-05,15464,41
2022-07-05,15466,83
2022-07-05,15469,39
2022-07-05,15476,98
2022-07-05,15480,91
2022-07-05,15491,37
2022-07-05,15494,46
2022-07-05,15500,28
2022-07-05,15507,12
2022-07-05,15511,46
2022-07-05,15514,8
2022-07-05,15516,16
2022-07-05,15518,16
2022-07-05,15522,11
2022-07-05,15531,4
2022-07-05,15533,24
2022-07-05,15537,66
2022-07-05,15542,77
2022-07-05,15550,25
2022-07-05,15572,98
2022-07-05,15580,12
2022-07-05,15599,84
2022-07-05,15600,73
2022-07-05,15621,98
2022-07-05,15632,68
2022-07-05,15638,66
2022-07-05,15646,30
2022-07-05,15660,69
2022-07-05,15664,42
2022-07-05,15667,7
2022-07-05,15673,44
2022-07-05,15676,73
2022-07-05,15681,26
2022-07-05,15686,28
2022-07-05,15690,29
2022-07-05,15693,20
2022-07-05,15696,58
2022-07-05,15720,94
2022-07-05,15723,78
2022-07-05,15740,89
2022-07-05,15753,20
2022-07-05,15755,67
2022-07-05,15757,53
2022-07-05,15759,48
2022-07-05,15761,47
2022-07-05,15762,1
2022-07-05,15763,19
2022-07-05,15764,35
2022-07-05,15774,12
2022-07-05,15776,80
2022-07-05,15778,85
2022-07-05,15790,3
2022-07-05,15798,6
2022-07-05,15804,72
2022-07-05,15806,15
2022-07-05,15808,31
2022-07-05,15810,35
2022-07-05,15814,32
2022-07-05,15816,44
2022-07-05,15820,67
2022-07-05,15822,75
2022-07-05,15832,36
2022-07-05,15835,63
2022-07-05,15837,29
2022-07-05,15839,46
2022-07-05,15842,18
2022-07-05,15861,94
2022-07-05,15879,60
2022-07-05,15897,97
2022-07-05,17001,31
2022-07-05,17013,95
2022-07-05,17042,1
2022-07-05,17050,67
2022-07-05,17088,28
2022-07-05,17174,12
2022-07-05,17272,40
2022-07-05,17380,25
2022-07-05,17388,31
2022-07-05,17433,8
2022-07-05,17442,58
2022-07-05,17444,97
2022-07-05,17446,16
2022-07-05,17486,22
2022-07-05,17495,15
2022-07-05,17513,80
2022-07-05,17524,60
2022-07-05,17541,69
2022-07-05,17614,19
2022-07-05,17616,12
2022-07-05,17653,36
2022-07-05,17662,44
2022-07-05,17665,47
2022-07-05,17777,26
2022-07-05,17867,29
2022-07-05,17873,27
2022-07-05,17877,63
2022-07-05,18001,47
2022-07-05,18029,92
2022-07-05,18094,23
2022-07-05,18150,44
2022-07-05,18205,11
2022-07-05,18247,11
2022-07-05,18256,80
2022-07-05,18410,94
2022-07-05,18460,28
2022-07-05,18479,32
2022-07-05,18592,7
2022-07-05,18610,79
2022-07-05,18753,94
2022-07-05,18756,73
2022-07-05,18785,93
2022-07-05,18860,86
2022-07-05,19001,35
2022-07-05,19022,95
2022-07-05,19050,78
2022-07-05,19075,32
2022-07-05,19100,2
2022-07-05,19110,14
2022-07-05,19130,73
2022-07-05,19137,61
2022-07-05,19142,32
2022-07-05,19212,10
2022-07-05,19256,32
2022-07-05,19290,45
2022-07-05,19300,33
2022-07-05,19355,13
2022-07-05,19364,25
2022-07-05,19392,97
2022-07-05,19397,92
2022-07-05,19418,10
2022-07-05,19450,36
2022-07-05,19455,49
2022-07-05,19473,18
2022-07-05,19513,76
2022-07-05,19517,63
2022-07-05,19532,52
2022-07-05,19533,30
2022-07-05,19548,96
2022-07-05,19573,19
2022-07-05,19585,88
2022-07-05,19622,67
2022-07-05,19693,65
2022-07-05,19698,15
2022-07-05,19701,20
2022-07-05,19743,56
2022-07-05,19760,25
2022-07-05,19780,21
2022-07-05,19785,36
2022-07-05,19807,12
2022-07-05,19809,99
2022-07-05,19821,20
2022-07-05,19824,75
2022-07-05,19845,19
2022-07-05,20001,18
2022-07-05,20011,10
2022-07-05,20013,57
2022-07-05,20032,84
2022-07-05,20045,45
2022-07-05,20060,36
2022-07-05,20175,89
2022-07-05,20178,95
2022-07-05,20228,57
2022-07-05,20238,23
2022-07-05,20250,67
2022-07-05,20295,30
2022-07-05,20310,66
2022-07-05,20383,75
2022-07-05,20400,29
2022-07-05,20443,31
2022-07-05,20517,48
2022-07-05,20550,80
2022-07-05,20570,60
2022-07-05,20614,16
2022-07-05,20621,14
2022-07-05,20710,31
2022-07-05,20750,2
2022-07-05,20770,79
2022-07-05,20787,77
2022-07-05,23001,1
2022-07-05,23068,44
2022-07-05,23079,60
2022-07-05,23090,38
2022-07-05,23162,76
2022-07-05,23168,5
2022-07-05,23182,4
2022-07-05,23189,53
2022-07-05,23300,58
2022-07-05,23350,40
2022-07-05,23417,27
2022-07-05,23419,99
2022-07-05,23464,45
2022-07-05,23466,17
2022-07-05,23500,71
2022-07-05,23555,57
2022-07-05,23570,80
2022-07-05,23574,98
2022-07-05,23580,95
2022-07-05,23586,18
2022-07-05,23660,13
2022-07-05,23670,69
2022-07-05,23672,21
2022-07-05,23675,5
2022-07-05,23678,4
2022-07-05,23682,28
2022-07-05,23686,65
2022-07-05,23807,97
2022-07-05,23815,77
2022-07-05,23855,27
2022-07-05,25001,2
2022-07-05,25019,80
2022-07-05,25035,57
2022-07-05,25040,34
2022-07-05,25053,84
2022-07-05,25086,73
2022-07-05,25095,50
2022-07-05,25099,23
2022-07-05,25120,18
2022-07-05,25123,88
2022-07-05,25126,35
2022-07-05,25148,93
2022-07-05,25151,45
2022-07-05,25154,10
2022-07-05,25168,69
2022-07-05,25175,77
2022-07-05,25178,69
2022-07-05,25181,62
2022-07-05,25183,41
2022-07-05,25200,23
2022-07-05,25214,70
2022-07-05,25224,45
2022-07-05,25245,11
2022-07-05,25258,76
2022-07-05,25260,37
2022-07-05,25269,33
2022-07-05,25279,73
2022-07-05,25281,82
2022-07-05,25286,89
2022-07-05,25288,48
2022-07-05,25290,7
2022-07-05,25293,22
2022-07-05,25295,43
2022-07-05,25297,24
2022-07-05,25299,35
2022-07-05,25307,26
2022-07-05,25312,17
2022-07-05,25317,4
2022-07-05,25320,88
2022-07-05,25322,85
2022-07-05,25324,76
2022-07-05,25326,49
2022-07-05,25328,64
2022-07-05,25335,69
2022-07-05,25339,65
2022-07-05,25368,90
2022-07-05,25372,1
2022-07-05,25377,86
2022-07-05,25386,96
2022-07-05,25394,52
2022-07-05,25398,92
2022-07-05,25402,18
2022-07-05,25407,49
2022-07-05,25426,15
2022-07-05,25430,38
2022-07-05,25436,37
2022-07-05,25438,89
2022-07-05,25473,28
2022-07-05,25483,21
2022-07-05,25486,84
2022-07-05,25488,97
2022-07-05,25489,78
2022-07-05,25491,92
2022-07-05,25506,39
2022-07-05,25513,1
2022-07-05,25518,50
2022-07-05,25524,44
2022-07-05,25530,31
2022-07-05,25535,39
2022-07-05,25572,88
2022-07-05,25580,74
2022-07-05,25592,25
2022-07-05,25594,70
2022-07-05,25596,68
2022-07-05,25599,70
2022-07-05,25612,92
2022-07-05,25645,42
2022-07-05,25649,47
2022-07-05,25653,35
2022-07-05,25658,61
2022-07-05,25662,10
2022-07-05,25718,7
2022-07-05,25736,26
2022-07-05,25740,83
2022-07-05,25743,74
2022-07-05,25745,84
2022-07-05,25754,96
2022-07-05,25758,29
2022-07-05,25769,60
2022-07-05,25772,60
2022-07-05,25777,46
2022-07-05,25779,5
2022-07-05,25781,15
2022-07-05,25785,48
2022-07-05,25793,69
2022-07-05,25797,13
2022-07-05,25799,5
2022-07-05,25805,1
2022-07-05,25807,40
2022-07-05,25815,80
2022-07-05,25817,85
2022-07-05,25823,89
2022-07-05,25839,49
2022-07-05,25841,58
2022-07-05,25843,56
2022-07-05,25845,52
2022-07-05,25851,62
2022-07-05,25862,41
2022-07-05,25867,28
2022-07-05,25871,2
2022-07-05,25873,56
2022-07-05,25875,67
2022-07-05,25878,79
2022-07-05,25885,25
2022-07-05,25898,62
2022-07-05,25899,99
2022-07-05,27001,81
2022-07-05,27006,74
2022-07-05,27025,62
2022-07-05,27050,25
2022-07-05,27073,16
2022-07-05,27075,13
2022-07-05,27077,34
2022-07-05,27099,76
2022-07-05,27135,90
2022-07-05,27150,62
2022-07-05,27160,32
2022-07-05,27205,88
2022-07-05,27245,45
2022-07-05,27250,97
2022-07-05,27361,49
2022-07-05,27372,63
2022-07-05,27413,76
2022-07-05,27425,95
2022-07-05,27430,50
2022-07-05,27450,76
2022-07-05,27491,43
2022-07-05,27495,16
2022-07-05,27580,1
2022-07-05,27600,52
2022-07-05,27615,12
2022-07-05,27660,1
2022-07-05,27745,71
2022-07-05,27787,10
2022-07-05,27800,26
2022-07-05,27810,18
2022-07-05,41001,16
2022-07-05,41006,82
2022-07-05,41013,84
2022-07-05,41016,98
2022-07-05,41020,53
2022-07-05,41026,11
2022-07-05,41078,63
2022-07-05,41132,14
2022-07-05,41206,81
2022-07-05,41244,10
2022-07-05,41298,90
2022-07-05,41306,97
2022-07-05,41319,49
2022-07-05,41349,5
2022-07-05,41357,8
2022-07-05,41359,49
2022-07-05,41378,20
2022-07-05,41396,76
2022-07-05,41483,65
2022-07-05,41503,20
2022-07-05,41518,46
2022-07-05,41524,1
2022-07-05,41530,33
2022-07-05,41548,56
2022-07-05,41551,45
2022-07-05,41615,37
2022-07-05,41660,11
2022-07-05,41668,4
2022-07-05,41676,97
2022-07-05,41770,73
2022-07-05,41791,46
2022-07-05,41797,68
2022-07-05,41799,29
2022-07-05,41801,83
2022-07-05,41807,45
2022-07-05,41872,21
2022-07-05,41885,19
2022-07-05,44001,35
2022-07-05,44035,2
2022-07-05,44078,51
2022-07-05,44090,72
2022-07-05,44098,88
2022-07-05,44110,66
2022-07-05,44279,32
2022-07-05,44378,78
2022-07-05,44420,87
2022-07-05,44430,53
2022-07-05,44560,17
2022-07-05,44650,95
2022-07-05,44847,40
2022-07-05,44855,45
2022-07-05,44874,39
2022-07-05,47001,43
2022-07-05,47030,59
2022-07-05,47053,18
2022-07-05,47058,19
2022-07-05,47161,78
2022-07-05,47170,49
2022-07-05,47189,13
2022-07-05,47205,47
2022-07-05,47245,37
2022-07-05,47258,92
2022-07-05,47268,83
2022-07-05,47288,99
2022-07-05,47318,39
2022-07-05,47460,90
2022-07-05,47541,40
2022-07-05,47545,70
2022-07-05,47551,6
2022-07-05,47555,26
2022-07-05,47570,68
2022-07-05,47605,71
2022-07-05,47660,73
2022-07-05,47675,93
2022-07-05,47692,77
2022-07-05,47703,33
2022-07-05,47707,59
2022-07-05,47720,84
2022-07-05,47745,91
2022-07-05,47798,29
2022-07-05,47960,67
2022-07-05,47980,3
2022-07-05,50001,87
2022-07-05,50006,84
2022-07-05,50110,32
2022-07-05,50124,39
2022-07-05,50150,98
2022-07-05,50223,81
2022-07-05,50226,3
2022-07-05,50245,43
2022-07-05,50251,14
2022-07-05,50270,64
2022-07-05,50287,18
2022-07-05,50313,6
2022-07-05,50318,58
2022-07-05,50325,83
2022-07-05,50330,91
2022-07-05,50350,45
2022-07-05,50370,59
2022-07-05,50400,30
2022-07-05,50450,14
2022-07-05,50568,29
2022-07-05,50573,80
2022-07-05,50577,81
2022-07-05,50590,81
2022-07-05,50606,26
2022-07-05,50680,5
2022-07-05,50683,80
2022-07-05,50686,4
2022-07-05,50689,17
2022-07-05,50711,70
2022-07-05,52001,29
2022-07-05,52019,94
2022-07-05,52022,87
2022-07-05,52036,52
2022-07-05,52051,51
2022-07-05,52079,21
2022-07-05,52083,17
2022-07-05,52110,29
2022-07-05,52203,70
2022-07-05,52207,38
2022-07-05,52210,97
2022-07-05,52215,30
2022-07-05,52224,24
2022-07-05,52227,75
2022-07-05,52233,43
2022-07-05,52240,92
2022-07-05,52250,10
2022-07-05,52254,54
2022-07-05,52256,50
2022-07-05,52258,97
2022-07-05,52260,29
2022-07-05,52287,74
2022-07-05,52317,11
2022-07-05,52320,86
2022-07-05,52323,27
2022-07-05,52352,40
2022-07-05,52354,69
2022-07-05,52356,46
2022-07-05,52378,51
2022-07-05,52381,30
2022-07-05,52385,25
2022-07-05,52390,16
2022-07-05,52399,2
2022-07-05,52405,98
2022-07-05,52411,51
2022-07-05,52418,12
2022-07-05,52427,30
2022-07-05,52435,87
2022-07-05,52473,89
2022-07-05,52480,85
2022-07-05,52490,5
2022-07-05,52506,45
2022-07-05,52520,28
2022-07-05,52540,80
2022-07-05,52560,71
2022-07-05,52565,17
2022-07-05,52573,49
2022-07-05,52585,24
2022-07-05,52612,54
2022-07-05,52621,44
2022-07-05,52678,24
2022-07-05,52683,60
2022-07-05,52685,39
2022-07-05,52687,84
2022-07-05,52693,87
2022-07-05,52694,89
2022-07-05,52696,82
2022-07-05,52699,2
2022-07-05,52720,9
2022-07-05,52786,40
2022-07-05,52788,3
2022-07-05,52835,20
2022-07-05,52838,97
2022-07-05,52885,72
2022-07-05,54001,38
2022-07-05,54003,21
2022-07-05,54051,33
2022-07-05,54099,70
2022-07-05,54109,49
2022-07-05,54125,65
2022-07-05,54128,61
2022-07-05,54172,76
2022-07-05,54174,89
2022-07-05,54206,65
2022-07-05,54223,62
2022-07-05,54239,29
2022-07-05,54245,64
2022-07-05,54250,8
2022-07-05,54261,22
2022-07-05,54313,81
2022-07-05,54344,79
2022-07-05,54347,61
2022-07-05,54377,33
2022-07-05,54385,98
2022-07-05,54398,50
2022-07-05,54405,20
2022-07-05,54418,19
2022-07-05,54480,15
2022-07-05,54498,91
2022-07-05,54518,46
2022-07-05,54520,32
2022-07-05,54553,99
2022-07-05,54599,65
2022-07-05,54660,99
2022-07-05,54670,95
2022-07-05,54673,51
2022-07-05,54680,67
2022-07-05,54720,5
2022-07-05,54743,84
2022-07-05,54800,86
2022-07-05,54810,97
2022-07-05,54820,96
2022-07-05,54871,83
2022-07-05,54874,58
2022-07-05,63001,33
2022-07-05,63111,73
2022-07-05,63130,87
2022-07-05,63190,29
2022-07-05,63212,90
2022-07-05,63272,29
2022-07-05,63302,76
2022-07-05,63401,86
2022-07-05,63470,11
2022-07-05,63548,90
2022-07-05,63594,20
2022-07-05,63690,75
2022-07-05,66001,65
2022-07-05,66045,68
2022-07-05,66075,42
2022-07-05,66088,1
2022-07-05,66170,58
2022-07-05,66318,41
2022-07-05,66383,59
2022-07-05,66400,56
2022-07-05,66440,62
2022-07-05,66456,2
2022-07-05,66572,71
2022-07-05,66594,95
2022-07-05,66682,11
2022-07-05,66687,10
2022-07-05,68001,54
2022-07-05,68013,49
2022-07-05,68020,26
2022-07-05,68051,88
2022-07-05,68077,85
2022-07-05,68079,56
2022-07-05,68081,95
2022-07-05,68092,99
2022-07-05,68101,96
2022-07-05,68121,95
2022-07-05,68132,85
2022-07-05,68147,95
2022-07-05,68152,56
2022-07-05,68160,26
2022-07-05,68162,35
2022-07-05,68167,98
2022-07-05,68169,75
2022-07-05,68176,66
2022-07-05,68179,99
2022-07-05,68190,31
2022-07-05,68207,23
2022-07-05,68209,25
2022-07-05,68211,38
2022-07-05,68217,41
2022-07-05,68229,50
2022-07-05,68235,36
2022-07-05,68245,83
2022-07-05,68250,4
2022-07-05,68255,92
2022-07-05,68264,95
2022-07-05,68266,2
2022-07-05,68271,19
2022-07-05,68276,81
2022-07-05,68296,50
2022-07-05,68298,95
2022-07-05,68307,2
2022-07-05,68318,59
2022-07-05,68320,40
2022-07-05,68322,82
2022-07-05,68324,5
2022-07-05,68327,10
2022-07-05,68344,97
2022-07-05,68368,79
2022-07-05,68370,86
2022-07-05,68377,75
2022-07-05,68385,50
2022-07-05,68397,98
2022-07-05,68406,66
2022-07-05,68418,41
2022-07-05,68425,63
2022-07-05,68432,85
2022-07-05,68444,30
2022-07-05,68464,4
2022-07-05,68468,60
2022-07-05,68498,38
2022-07-05,68500,59
2022-07-05,68502,61
2022-07-05,68522,7
2022-07-05,68524,31
2022-07-05,68533,44
2022-07-05,68547,18
2022-07-05,68549,38
2022-07-05,68572,51
2022-07-05,68573,83
2022-07-05,68575,34
2022-07-05,68615,78
2022-07-05,68655,13
2022-07-05,68669,98
2022-07-05,68673,81
2022-07-05,68679,69
2022-07-05,68682,8
2022-07-05,68684,17
2022-07-05,68686,83
2022-07-05,68689,17
2022-07-05,68705,7
2022-07-05,68720,96
2022-07-05,68745,53
2022-07-05,68755,5
2022-07-05,68770,33
2022-07-05,68773,3
2022-07-05,68780,31
2022-07-05,68820,17
2022-07-05,68855,60
2022-07-05,68861,34
2022-07-05,68867,2
2022-07-05,68872,3
2022-07-05,68895,69
2022-07-05,70001,79
2022-07-05,70110,11
2022-07-05,70124,38
2022-07-05,70204,58
2022-07-05,70215,23
2022-07-05,70221,42
2022-07-05,70230,15
2022-07-05,70233,18
2022-07-05,70235,79
2022-07-05,70265,90
2022-07-05,70400,27
2022-07-05,70418,26
2022-07-05,70429,18
2022-07-05,70473,80
2022-07-05,70508,31
2022-07-05,70523,28
2022-07-05,70670,41
2022-07-05,70678,91
2022-07-05,70702,80
2022-07-05,70708,28
2022-07-05,70713,49
2022-07-05,70717,68
2022-07-05,70742,14
2022-07-05,70771,89
2022-07-05,70820,72
2022-07-05,70823,77
2022-07-05,73001,61
2022-07-05,73024,86
2022-07-05,73026,5
2022-07-05,73030,10
2022-07-05,73043,85
2022-07-05,73055,83
2022-07-05,73067,32
2022-07-05,73124,58
2022-07-05,73148,98
2022-07-05,73152,35
2022-07-05,73168,60
2022-07-05,73200,24
2022-07-05,73217,81
2022-07-05,73226,1
2022-07-05,73236,35
2022-07-05,73268,53
2022-07-05,73270,74
2022-07-05,73275,66
2022-07-05,73283,65
2022-07-05,73319,83
2022-07-05,73347,15
2022-07-05,73349,4
2022-07-05,73352,84
2022-07-05,73408,46
2022-07-05,73411,71
2022-07-05,73443,5
2022-07-05,73449,93
2022-07-05,73461,11
2022-07-05,73483,39
2022-07-05,73504,56
2022-07-05,73520,97
2022-07-05,73547,73
2022-07-05,73555,96
2022-07-05,73563,67
2022-07-05,73585,24
2022-07-05,73616,41
2022-07-05,73622,26
2022-07-05,73624,80
2022-07-05,73671,20
2022-07-05,73675,20
2022-07-05,73678,17
2022-07-05,73686,43
2022-07-05,73770,97
2022-07-05,73854,78
2022-07-05,73861,27
2022-07-05,73870,7
2022-07-05,73873,20
2022-07-05,76001,87
2022-07-05,76020,17
2022-07-05,76036,78
2022-07-05,76041,62
2022-07-05,76054,21
2022-07-05,76100,94
2022-07-05,76109,89
2022-07-05,76111,54
2022-07-05,76113,41
2022-07-05,76122,69
2022-07-05,76126,16
2022-07-05,76130,24
2022-07-05,76147,85
2022-07-05,76233,49
2022-07-05,76243,21
2022-07-05,76246,74
2022-07-05,76248,80
2022-07-05,76250,95
2022-07-05,76275,2
2022-07-05,76306,46
2022-07-05,76318,34
2022-07-05,76364,53
2022-07-05,76377,39
2022-07-05,76400,48
2022-07-05,76403,55
2022-07-05,76497,20
2022-07-05,76520,50
2022-07-05,76563,93
2022-07-05,76606,90
2022-07-05,76616,70
2022-07-05,76622,97
2022-07-05,76670,65
2022-07-05,76736,85
2022-07-05,76823,50
2022-07-05,76828,84
2022-07-05,76834,88
2022-07-05,76845,3
2022-07-05,76863,50
2022-07-05,76869,32
2022-07-05,76890,74
2022-07-05,76892,23
2022-07-05,76895,62
2022-07-05,81001,53
2022-07-05,81065,97
2022-07-05,81220,14
2022-07-05,81300,92
2022-07-05,81591,49
2022-07-05,81736,21
2022-07-05,81794,92
2022-07-05,85001,9
2022-07-05,85010,66
2022-07-05,85015,89
2022-07-05,85125,13
2022-07-05,85136,27
2022-07-05,85139,38
2022-07-05,85162,85
2022-07-05,85225,23
2022-07-05,85230,15
2022-07-05,85250,19
2022-07-05,85263,58
2022-07-05,85279,43
2022-07-05,85300,42
2022-07-05,85315,51
2022-07-05,85325,80
2022-07-05,85400,50
2022-07-05,85410,26
2022-07-05,85430,64
2022-07-05,85440,23
2022-07-05,86001,67
2022-07-05,86219,15
2022-07-05,86320,9
2022-07-05,86568,11
2022-07-05,86569,65
2022-07-05,86571,77
2022-07-05,86573,3
2022-07-05,86749,59
2022-07-05,86755,93
2022-07-05,86757,37
2022-07-05,86760,6
2022-07-05,86865,85
2022-07-05,86885,59
2022-07-05,88001,16
2022-07-05,88564,29
2022-07-05,91001,34
2022-07-05,91263,57
2022-07-05,91405,40
2022-07-05,91407,82
2022-07-05,91430,25
2022-07-05,91460,28
2022-07-05,91530,97
2022-07-05,91536,57
2022-07-05,91540,86
2022-07-05,91669,92
2022-07-05,91798,5
2022-07-05,94001,76
2022-07-05,94343,57
2022-07-05,94883,67
2022-07-05,94884,37
2022-07-05,94885,43
2022-07-05,94886,51
2022-07-05,94887,89
2022-07-05,94888,74
2022-07-05,95001,9
2022-07-05,95015,54
2022-07-05,95025,27
2022-07-05,95200,40
2022-07-05,97001,6
2022-07-05,97161,66
2022-07-05,97511,87
2022-07-05,97666,80
2022-07-05,97777,8
2022-07-05,97889,64
2022-07-05,99001,93
2022-07-05,99524,66
2022-07-05,99624,93
2022-07-05,99773,58
2022-07-05,94663,44
2022-07-04,05001,49
2022-07-04,05002,74
2022-07-04,05004,6
2022-07-04,05021,56
2022-07-04,05030,17
2022-07-04,05031,81
2022-07-04,05034,16
2022-07-04,05036,41
2022-07-04,05038,61
2022-07-04,05040,31
2022-07-04,05042,89
2022-07-04,05044,50
2022-07-04,05045,94
2022-07-04,05051,12
2022-07-04,05055,96
2022-07-04,05059,55
2022-07-04,05079,67
2022-07-04,05086,29
2022-07-04,05088,92
2022-07-04,05091,56
2022-07-04,05093,19
2022-07-04,05101,52
2022-07-04,05107,32
2022-07-04,05113,65
2022-07-04,05120,34
2022-07-04,05125,35
2022-07-04,05129,16
2022-07-04,05134,55
2022-07-04,05138,90
2022-07-04,05142,67
2022-07-04,05145,96
2022-07-04,05147,18
2022-07-04,05148,76
2022-07-04,05150,93
2022-07-04,05154,10
2022-07-04,05172,99
2022-07-04,05190,8
2022-07-04,05197,62
2022-07-04,05206,7
2022-07-04,05209,26
2022-07-04,05212,42
2022-07-04,05234,45
2022-07-04,05237,56
2022-07-04,05240,35
2022-07-04,05250,66
2022-07-04,05264,42
2022-07-04,05266,58
2022-07-04,05282,1
2022-07-04,05284,60
2022-07-04,05306,49
2022-07-04,05308,48
2022-07-04,05310,52
2022-07-04,05313,85
2022-07-04,05315,55
2022-07-04,05318,69
2022-07-04,05321,16
2022-07-04,05347,90
2022-07-04,05353,76
2022-07-04,05360,84
2022-07-04,05361,26
2022-07-04,05364,67
2022-07-04,05368,33
2022-07-04,05376,60
2022-07-04,05380,64
2022-07-04,05390,41
2022-07-04,05400,89
2022-07-04,05411,58
2022-07-04,05425,83
2022-07-04,05440,53
2022-07-04,05467,95
2022-07-04,05475,68
2022-07-04,05480,85
2022-07-04,05483,96
2022-07-04,05490,23
2022-07-04,05495,49
2022-07-04,05501,63
2022-07-04,05541,17
2022-07-04,05543,83
2022-07-04,05576,53
2022-07-04,05579,57
2022-07-04,05585,17
2022-07-04,05591,75
2022-07-04,05604,81
2022-07-04,05607,95
2022-07-04,05615,37
2022-07-04,05628,7
2022-07-04,05631,58
2022-07-04,05642,44
2022-07-04,05647,81
2022-07-04,05649,71
2022-07-04,05652,63
2022-07-04,05656,74
2022-07-04,05658,20
2022-07-04,05659,94
2022-07-04,05660,90
2022-07-04,05664,72
2022-07-04,05665,14
2022-07-04,05667,77
2022-07-04,05670,40
2022-07-04,05674,23
2022-07-04,05679,36
2022-07-04,05686,81
2022-07-04,05690,38
2022-07-04,05697,17
2022-07-04,05736,91
2022-07-04,05756,59
2022-07-04,05761,48
2022-07-04,05789,81
2022-07-04,05790,56
2022-07-04,05792,1
2022-07-04,05809,9
2022-07-04,05819,45
2022-07-04,05837,24
2022-07-04,05842,80
2022-07-04,05847,42
2022-07-04,05854,44
2022-07-04,05856,64
2022-07-04,05858,93
2022-07-04,05861,75
2022-07-04,05873,25
2022-07-04,05885,44
2022-07-04,05887,10
2022-07-04,05890,1
2022-07-04,05893,11
2022-07-04,05895,89
2022-07-04,08001,50
2022-07-04,08078,55
2022-07-04,08137,68
2022-07-04,08141,24
2022-07-04,08296,28
2022-07-04,08372,78
2022-07-04,08421,53
2022-07-04,08433,71
2022-07-04,08436,52
2022-07-04,08520,89
2022-07-04,08549,72
2022-07-04,08558,16
2022-07-04,08560,31
2022-07-04,08573,88
2022-07-04,08606,18
2022-07-04,08634,46
2022-07-04,08638,86
2022-07-04,08675,33
2022-07-04,08685,48
2022-07-04,08758,25
2022-07-04,08770,91
2022-07-04,08832,73
2022-07-04,08849,22
2022-07-04,11001,30
2022-07-04,13001,4
2022-07-04,13006,94
2022-07-04,13030,6
2022-07-04,13042,37
2022-07-04,13052,80
2022-07-04,13062,9
2022-07-04,13074,6
2022-07-04,13140,83
2022-07-04,13160,34
2022-07-04,13188,97
2022-07-04,13212,86
2022-07-04,13222,22
2022-07-04,13244,44
2022-07-04,13248,77
2022-07-04,13268,77
2022-07-04,13300,10
2022-07-04,13430,25
2022-07-04,13433,9
2022-07-04,13440,91
2022-07-04,13442,2
2022-07-04,13458,45
2022-07-04,13468,44
2022-07-04,13473,53
2022-07-04,13490,78
2022-07-04,13549,74
2022-07-04,13580,76
2022-07-04,13600,50
2022-07-04,13620,50
2022-07-04,13647,45
2022-07-04,13650,91
2022-07-04,13654,96
2022-07-04,13655,76
2022-07-04,13657,44
2022-07-04,13667,37
2022-07-04,13670,24
2022-07-04,13673,87
2022-07-04,13683,46
2022-07-04,13688,93
2022-07-04,13744,9
2022-07-04,13760,54
2022-07-04,13780,44
2022-07-04,13810,18
2022-07-04,13836,70
2022-07-04,13838,61
2022-07-04,13873,60
2022-07-04,13894,5
2022-07-04,15001,63
2022-07-04,15022,12
2022-07-04,15047,37
2022-07-04,15051,39
2022-07-04,15087,67
2022-07-04,15090,56
2022-07-04,15092,36
2022-07-04,15097,94
2022-07-04,15104,76
2022-07-04,15106,95
2022-07-04,15109,58
2022-07-04,15114,42
2022-07-04,15131,56
2022-07-04,15135,91
2022-07-04,15162,38
2022-07-04,15172,13
2022-07-04,15176,26
2022-07-04,15180,74
2022-07-04,15183,98
2022-07-04,15185,62
2022-07-04,15187,59
2022-07-04,15189,86
2022-07-04,15204,81
2022-07-04,15212,61
2022-07-04,15215,38
2022-07-04,15218,84
2022-07-04,15223,90
2022-07-04,19318,14
2022-07-04,15224,33
2022-07-04,15226,57
2022-07-04,15232,67
2022-07-04,15236,50
2022-07-04,15238,97
2022-07-04,15244,87
2022-07-04,15248,58
2022-07-04,15272,53
2022-07-04,15276,76
2022-07-04,15293,58
2022-07-04,15296,74
2022-07-04,15299,57
2022-07-04,15317,31
2022-07-04,15322,99
2022-07-04,15325,60
2022-07-04,15332,39
2022-07-04,15362,92
2022-07-04,15367,83
2022-07-04,15368,89
2022-07-04,15377,21
2022-07-04,15380,20
2022-07-04,15401,29
2022-07-04,15403,8
2022-07-04,15407,5
2022-07-04,15425,17
2022-07-04,15442,5
2022-07-04,15455,88
2022-07-04,15464,80
2022-07-04,15466,55
2022-07-04,15469,56
2022-07-04,15476,11
2022-07-04,15480,54
2022-07-04,15491,39
2022-07-04,15494,14
2022-07-04,15500,2
2022-07-04,15507,46
2022-07-04,15511,51
2022-07-04,15514,93
2022-07-04,15516,63
2022-07-04,15518,63
2022-07-04,15522,37
2022-07-04,15531,35
2022-07-04,15533,90
2022-07-04,15537,20
2022-07-04,15542,38
2022-07-04,15550,61
2022-07-04,15572,21
2022-07-04,15580,55
2022-07-04,15599,23
2022-07-04,15600,7
2022-07-04,15621,84
2022-07-04,15632,77
2022-07-04,15638,70
2022-07-04,15646,49
2022-07-04,15660,54
2022-07-04,15664,79
2022-07-04,15667,6
2022-07-04,15673,35
2022-07-04,15676,55
2022-07-04,15681,51
2022-07-04,15686,83
2022-07-04,15690,5
2022-07-04,15693,32
2022-07-04,15696,98
2022-07-04,15720,47
2022-07-04,15723,14
2022-07-04,15740,26
2022-07-04,15753,79
2022-07-04,15755,30
2022-07-04,15757,84
2022-07-04,15759,98
2022-07-04,15761,56
2022-07-04,15762,84
2022-07-04,15763,49
2022-07-04,15764,57
2022-07-04,15774,57
2022-07-04,15776,70
2022-07-04,15778,10
2022-07-04,15790,40
2022-07-04,15798,57
2022-07-04,15804,2
2022-07-04,15806,70
2022-07-04,15808,52
2022-07-04,15810,8
2022-07-04,15814,85
2022-07-04,15816,57
2022-07-04,15820,17
2022-07-04,15822,63
2022-07-04,15832,75
2022-07-04,15835,99
2022-07-04,15837,14
2022-07-04,15839,59
2022-07-04,15842,93
2022-07-04,15861,93
2022-07-04,15879,15
2022-07-04,15897,15
2022-07-04,17001,38
2022-07-04,17013,1
2022-07-04,17042,8
2022-07-04,17050,67
2022-07-04,17088,5
2022-07-04,17174,39
2022-07-04,17272,90
2022-07-04,17380,63
2022-07-04,17388,16
2022-07-04,17433,9
2022-07-04,17442,93
2022-07-04,17444,2
2022-07-04,17446,34
2022-07-04,17486,5
2022-07-04,17495,1
2022-07-04,17513,16
2022-07-04,17524,66
2022-07-04,17541,52
2022-07-04,17614,48
2022-07-04,17616,59
2022-07-04,17653,83
2022-07-04,17662,62
2022-07-04,17665,91
2022-07-04,17777,17
2022-07-04,17867,12
2022-07-04,17873,5
2022-07-04,17877,47
2022-07-04,18001,34
2022-07-04,18029,10
2022-07-04,18094,43
2022-07-04,18150,29
2022-07-04,18205,39
2022-07-04,18247,64
2022-07-04,18256,20
2022-07-04,18410,58
2022-07-04,18460,24
2022-07-04,18479,67
2022-07-04,18592,37
2022-07-04,18610,57
2022-07-04,18753,3
2022-07-04,18756,9
2022-07-04,18785,17
2022-07-04,18860,62
2022-07-04,19001,21
2022-07-04,19022,50
2022-07-04,19050,86
2022-07-04,19075,53
2022-07-04,19100,13
2022-07-04,19110,28
2022-07-04,19130,20
2022-07-04,19137,5
2022-07-04,19142,4
2022-07-04,19212,74
2022-07-04,19256,71
2022-07-04,19290,18
2022-07-04,19300,66
2022-07-04,19355,52
2022-07-04,19364,80
2022-07-04,19392,66
2022-07-04,19397,71
2022-07-04,19418,93
2022-07-04,19450,50
2022-07-04,19455,76
2022-07-04,19473,62
2022-07-04,19513,92
2022-07-04,19517,35
2022-07-04,19532,22
2022-07-04,19533,89
2022-07-04,19548,10
2022-07-04,19573,17
2022-07-04,19585,12
2022-07-04,19622,36
2022-07-04,19693,73
2022-07-04,19698,32
2022-07-04,19701,17
2022-07-04,19743,59
2022-07-04,19760,69
2022-07-04,19780,49
2022-07-04,19785,61
2022-07-04,19807,89
2022-07-04,19809,80
2022-07-04,19821,61
2022-07-04,19824,11
2022-07-04,19845,58
2022-07-04,20001,69
2022-07-04,20011,57
2022-07-04,20013,94
2022-07-04,20032,8
2022-07-04,20045,67
2022-07-04,20060,87
2022-07-04,20175,81
2022-07-04,20178,83
2022-07-04,20228,45
2022-07-04,20238,89
2022-07-04,20250,76
2022-07-04,20295,20
2022-07-04,20310,57
2022-07-04,20383,86
2022-07-04,20400,28
2022-07-04,20443,62
2022-07-04,20517,33
2022-07-04,20550,15
2022-07-04,20570,48
2022-07-04,20614,21
2022-07-04,20621,20
2022-07-04,20710,21
2022-07-04,20750,8
2022-07-04,20770,73
2022-07-04,20787,68
2022-07-04,23001,15
2022-07-04,23068,7
2022-07-04,23079,17
2022-07-04,23090,27
2022-07-04,23162,10
2022-07-04,23168,57
2022-07-04,23182,83
2022-07-04,23189,56
2022-07-04,23300,32
2022-07-04,23350,41
2022-07-04,23417,81
2022-07-04,23419,7
2022-07-04,23464,38
2022-07-04,23466,47
2022-07-04,23500,17
2022-07-04,23555,39
2022-07-04,23570,12
2022-07-04,23574,95
2022-07-04,23580,58
2022-07-04,23586,41
2022-07-04,23660,97
2022-07-04,23670,9
2022-07-04,23672,68
2022-07-04,23675,21
2022-07-04,23678,56
2022-07-04,23682,1
2022-07-04,23686,69
2022-07-04,23807,29
2022-07-04,23815,39
2022-07-04,23855,88
2022-07-04,25001,79
2022-07-04,25019,83
2022-07-04,25035,10
2022-07-04,25040,68
2022-07-04,25053,8
2022-07-04,25086,8
2022-07-04,25095,99
2022-07-04,25099,13
2022-07-04,25120,49
2022-07-04,25123,73
2022-07-04,25126,98
2022-07-04,25148,6
2022-07-04,25151,40
2022-07-04,25154,50
2022-07-04,25168,38
2022-07-04,25175,92
2022-07-04,25178,87
2022-07-04,25181,96
2022-07-04,25183,92
2022-07-04,25200,44
2022-07-04,25214,2
2022-07-04,25224,13
2022-07-04,25245,1
2022-07-04,25258,97
2022-07-04,25260,45
2022-07-04,25269,42
2022-07-04,25279,42
2022-07-04,25281,35
2022-07-04,25286,34
2022-07-04,25288,85
2022-07-04,25290,84
2022-07-04,25293,98
2022-07-04,25295,63
2022-07-04,25297,20
2022-07-04,25299,52
2022-07-04,25307,92
2022-07-04,25312,79
2022-07-04,25317,90
2022-07-04,25320,22
2022-07-04,25322,12
2022-07-04,25324,38
2022-07-04,25326,75
2022-07-04,25328,1
2022-07-04,25335,81
2022-07-04,25339,70
2022-07-04,25368,36
2022-07-04,25372,18
2022-07-04,25377,65
2022-07-04,25386,37
2022-07-04,25394,43
2022-07-04,25398,47
2022-07-04,25402,20
2022-07-04,25407,32
2022-07-04,25426,11
2022-07-04,25430,11
2022-07-04,25436,47
2022-07-04,25438,82
2022-07-04,25473,66
2022-07-04,25483,10
2022-07-04,25486,36
2022-07-04,25488,23
2022-07-04,25489,34
2022-07-04,25491,29
2022-07-04,25506,7
2022-07-04,25513,43
2022-07-04,25518,49
2022-07-04,25524,44
2022-07-04,25530,61
2022-07-04,25535,1
2022-07-04,25572,8
2022-07-04,25580,99
2022-07-04,25592,82
2022-07-04,25594,17
2022-07-04,25596,64
2022-07-04,25599,43
2022-07-04,25612,51
2022-07-04,25645,96
2022-07-04,25649,51
2022-07-04,25653,66
2022-07-04,25658,10
2022-07-04,25662,85
2022-07-04,25718,38
2022-07-04,25736,5
2022-07-04,25740,64
2022-07-04,25743,62
2022-07-04,25745,76
2022-07-04,25754,11
2022-07-04,25758,25
2022-07-04,25769,8
2022-07-04,25772,86
2022-07-04,25777,24
2022-07-04,25779,92
2022-07-04,25781,17
2022-07-04,25785,69
2022-07-04,25793,29
2022-07-04,25797,55
2022-07-04,25799,69
2022-07-04,25805,52
2022-07-04,25807,54
2022-07-04,25815,57
2022-07-04,25817,47
2022-07-04,25823,81
2022-07-04,25839,15
2022-07-04,25841,60
2022-07-04,25843,93
2022-07-04,25845,68
2022-07-04,25851,20
2022-07-04,25862,57
2022-07-04,25867,67
2022-07-04,25871,78
2022-07-04,25873,47
2022-07-04,25875,29
2022-07-04,25878,8
2022-07-04,25885,87
2022-07-04,25898,70
2022-07-04,25899,72
2022-07-04,27001,66
2022-07-04,27006,37
2022-07-04,27025,37
2022-07-04,27050,54
2022-07-04,27073,6
2022-07-04,27075,78
2022-07-04,27077,32
2022-07-04,27099,57
2022-07-04,27135,74
2022-07-04,27150,7
2022-07-04,27160,27
2022-07-04,27205,67
2022-07-04,27245,78
2022-07-04,27250,54
2022-07-04,27361,30
2022-07-04,27372,17
2022-07-04,27413,18
2022-07-04,27425,76
2022-07-04,27430,44
2022-07-04,27450,23
2022-07-04,27491,91
2022-07-04,27495,84
2022-07-04,27580,10
2022-07-04,27600,8
2022-07-04,27615,47
2022-07-04,27660,65
2022-07-04,27745,21
2022-07-04,27787,15
2022-07-04,27800,43
2022-07-04,27810,70
2022-07-04,41001,90
2022-07-04,41006,5
2022-07-04,41013,78
2022-07-04,41016,91
2022-07-04,41020,65
2022-07-04,41026,14
2022-07-04,41078,79
2022-07-04,41132,61
2022-07-04,41206,43
2022-07-04,41244,66
2022-07-04,41298,2
2022-07-04,41306,14
2022-07-04,41319,47
2022-07-04,41349,56
2022-07-04,41357,53
2022-07-04,41359,53
2022-07-04,41378,18
2022-07-04,41396,25
2022-07-04,41483,14
2022-07-04,41503,78
2022-07-04,41518,99
2022-07-04,41524,79
2022-07-04,41530,1
2022-07-04,41548,97
2022-07-04,41551,90
2022-07-04,41615,36
2022-07-04,41660,2
2022-07-04,41668,67
2022-07-04,41676,58
2022-07-04,41770,21
2022-07-04,41791,65
2022-07-04,41797,59
2022-07-04,41799,19
2022-07-04,41801,98
2022-07-04,41807,46
2022-07-04,41872,97
2022-07-04,41885,21
2022-07-04,44001,7
2022-07-04,44035,1
2022-07-04,44078,49
2022-07-04,44090,28
2022-07-04,44098,65
2022-07-04,44110,97
2022-07-04,44279,53
2022-07-04,44378,86
2022-07-04,44420,24
2022-07-04,44430,78
2022-07-04,44560,31
2022-07-04,44650,94
2022-07-04,44847,45
2022-07-04,44855,23
2022-07-04,44874,43
2022-07-04,47001,13
2022-07-04,47030,70
2022-07-04,47053,18
2022-07-04,47058,26
2022-07-04,47161,51
2022-07-04,47170,16
2022-07-04,47189,16
2022-07-04,47205,68
2022-07-04,47245,92
2022-07-04,47258,28
2022-07-04,47268,44
2022-07-04,47288,99
2022-07-04,47318,35
2022-07-04,47460,98
2022-07-04,47541,88
2022-07-04,47545,26
2022-07-04,47551,73
2022-07-04,47555,78
2022-07-04,47570,49
2022-07-04,47605,90
2022-07-04,47660,58
2022-07-04,47675,51
2022-07-04,47692,72
2022-07-04,47703,27
2022-07-04,47707,84
2022-07-04,47720,79
2022-07-04,47745,80
2022-07-04,47798,77
2022-07-04,47960,2
2022-07-04,47980,95
2022-07-04,50001,34
2022-07-04,50006,23
2022-07-04,50110,44
2022-07-04,50124,18
2022-07-04,50150,90
2022-07-04,50223,90
2022-07-04,50226,41
2022-07-04,50245,4
2022-07-04,50251,94
2022-07-04,50270,53
2022-07-04,50287,11
2022-07-04,50313,84
2022-07-04,50318,43
2022-07-04,50325,27
2022-07-04,50330,32
2022-07-04,50350,38
2022-07-04,50370,68
2022-07-04,50400,47
2022-07-04,50450,82
2022-07-04,50568,85
2022-07-04,50573,66
2022-07-04,50577,54
2022-07-04,50590,35
2022-07-04,50606,18
2022-07-04,50680,70
2022-07-04,50683,59
2022-07-04,50686,19
2022-07-04,50689,1
2022-07-04,50711,28
2022-07-04,52001,5
2022-07-04,52019,98
2022-07-04,52022,6
2022-07-04,52036,81
2022-07-04,52051,40
2022-07-04,52079,16
2022-07-04,52083,94
2022-07-04,52110,76
2022-07-04,52203,66
2022-07-04,52207,30
2022-07-04,52210,72
2022-07-04,52215,69
2022-07-04,52224,61
2022-07-04,52227,85
2022-07-04,52233,54
2022-07-04,52240,14
2022-07-04,52250,38
2022-07-04,52254,10
2022-07-04,52256,40
2022-07-04,52258,90
2022-07-04,52260,28
2022-07-04,52287,64
2022-07-04,52317,84
2022-07-04,52320,29
2022-07-04,52323,80
2022-07-04,52352,69
2022-07-04,52354,10
2022-07-04,52356,49
2022-07-04,52378,51
2022-07-04,52381,73
2022-07-04,52385,71
2022-07-04,52390,97
2022-07-04,52399,83
2022-07-04,52405,49
2022-07-04,52411,92
2022-07-04,52418,86
2022-07-04,52427,58
2022-07-04,52435,39
2022-07-04,52473,98
2022-07-04,52480,12
2022-07-04,52490,47
2022-07-04,52506,16
2022-07-04,52520,20
2022-07-04,52540,86
2022-07-04,52560,69
2022-07-04,52565,25
2022-07-04,52573,86
2022-07-04,52585,67
2022-07-04,52612,17
2022-07-04,52621,16
2022-07-04,52678,40
2022-07-04,52683,21
2022-07-04,52685,35
2022-07-04,52687,65
2022-07-04,52693,28
2022-07-04,52694,73
2022-07-04,52696,55
2022-07-04,52699,10
2022-07-04,52720,6
2022-07-04,52786,71
2022-07-04,52788,4
2022-07-04,52835,7
2022-07-04,52838,86
2022-07-04,52885,23
2022-07-04,54001,38
2022-07-04,54003,24
2022-07-04,54051,82
2022-07-04,54099,75
2022-07-04,54109,6
2022-07-04,54125,51
2022-07-04,54128,72
2022-07-04,54172,20
2022-07-04,54174,53
2022-07-04,54206,27
2022-07-04,54223,67
2022-07-04,54239,85
2022-07-04,54245,57
2022-07-04,54250,49
2022-07-04,54261,72
2022-07-04,54313,71
2022-07-04,54344,95
2022-07-04,54347,46
2022-07-04,54377,95
2022-07-04,54385,30
2022-07-04,54398,29
2022-07-04,54405,30
2022-07-04,54418,33
2022-07-04,54480,62
2022-07-04,54498,48
2022-07-04,54518,53
2022-07-04,54520,12
2022-07-04,54553,90
2022-07-04,54599,61
2022-07-04,54660,84
2022-07-04,54670,9
2022-07-04,54673,18
2022-07-04,54680,44
2022-07-04,54720,83
2022-07-04,54743,71
2022-07-04,54800,46
2022-07-04,54810,48
2022-07-04,54820,98
2022-07-04,54871,87
2022-07-04,54874,58
2022-07-04,63001,81
2022-07-04,63111,42
2022-07-04,63130,79
2022-07-04,63190,81
2022-07-04,63212,62
2022-07-04,63272,30
2022-07-04,63302,45
2022-07-04,63401,76
2022-07-04,63470,60
2022-07-04,63548,8
2022-07-04,63594,89
2022-07-04,63690,62
2022-07-04,66001,13
2022-07-04,66045,97
2022-07-04,66075,52
2022-07-04,66088,28
2022-07-04,66170,4
2022-07-04,66318,26
2022-07-04,66383,87
2022-07-04,66400,42
2022-07-04,66440,54
2022-07-04,66456,4
2022-07-04,66572,4
2022-07-04,66594,28
2022-07-04,66682,62
2022-07-04,66687,93
2022-07-04,68001,40
2022-07-04,68013,26
2022-07-04,68020,16
2022-07-04,68051,85
2022-07-04,68077,17
2022-07-04,68079,10
2022-07-04,68081,30
2022-07-04,68092,43
2022-07-04,68101,57
2022-07-04,68121,63
2022-07-04,68132,30
2022-07-04,68147,33
2022-07-04,68152,17
2022-07-04,68160,44
2022-07-04,68162,62
2022-07-04,68167,65
2022-07-04,68169,5
2022-07-04,68176,39
2022-07-04,68179,43
2022-07-04,68190,65
2022-07-04,68207,92
2022-07-04,68209,86
2022-07-04,68211,99
2022-07-04,68217,73
2022-07-04,68229,9
2022-07-04,68235,79
2022-07-04,68245,32
2022-07-04,68250,32
2022-07-04,68255,48
2022-07-04,68264,81
2022-07-04,68266,34
2022-07-04,68271,34
2022-07-04,68276,70
2022-07-04,68296,2
2022-07-04,68298,14
2022-07-04,68307,29
2022-07-04,68318,44
2022-07-04,68320,88
2022-07-04,68322,43
2022-07-04,68324,21
2022-07-04,68327,43
2022-07-04,68344,24
2022-07-04,68368,70
2022-07-04,68370,85
2022-07-04,68377,9
2022-07-04,68385,13
2022-07-04,68397,61
2022-07-04,68406,81
2022-07-04,68418,72
2022-07-04,68425,88
2022-07-04,68432,70
2022-07-04,68444,4
2022-07-04,68464,24
2022-07-04,68468,38
2022-07-04,68498,38
2022-07-04,68500,46
2022-07-04,68502,77
2022-07-04,68522,40
2022-07-04,68524,13
2022-07-04,68533,95
2022-07-04,68547,44
2022-07-04,68549,39
2022-07-04,68572,43
2022-07-04,68573,65
2022-07-04,68575,78
2022-07-04,68615,67
2022-07-04,68655,91
2022-07-04,68669,34
2022-07-04,68673,92
2022-07-04,68679,16
2022-07-04,68682,37
2022-07-04,68684,78
2022-07-04,68686,49
2022-07-04,68689,89
2022-07-04,68705,36
2022-07-04,68720,66
2022-07-04,68745,4
2022-07-04,68755,83
2022-07-04,68770,36
2022-07-04,68773,9
2022-07-04,68780,25
2022-07-04,68820,44
2022-07-04,68855,99
2022-07-04,68861,16
2022-07-04,68867,2
2022-07-04,68872,45
2022-07-04,68895,4
2022-07-04,70001,86
2022-07-04,70110,33
2022-07-04,70124,7
2022-07-04,70204,73
2022-07-04,70215,5
2022-07-04,70221,37
2022-07-04,70230,93
2022-07-04,70233,91
2022-07-04,70235,44
2022-07-04,70265,36
2022-07-04,70400,92
2022-07-04,70418,52
2022-07-04,70429,12
2022-07-04,70473,67
2022-07-04,70508,33
2022-07-04,70523,57
2022-07-04,70670,49
2022-07-04,70678,52
2022-07-04,70702,65
2022-07-04,70708,87
2022-07-04,70713,35
2022-07-04,70717,79
2022-07-04,70742,22
2022-07-04,70771,22
2022-07-04,70820,42
2022-07-04,70823,88
2022-07-04,73001,75
2022-07-04,73024,85
2022-07-04,73026,44
2022-07-04,73030,41
2022-07-04,73043,8
2022-07-04,73055,51
2022-07-04,73067,5
2022-07-04,73124,45
2022-07-04,73148,63
2022-07-04,73152,30
2022-07-04,73168,95
2022-07-04,73200,23
2022-07-04,73217,99
2022-07-04,73226,96
2022-07-04,73236,27
2022-07-04,73268,53
2022-07-04,73270,32
2022-07-04,73275,4
2022-07-04,73283,54
2022-07-04,73319,65
2022-07-04,73347,5
2022-07-04,73349,78
2022-07-04,73352,92
2022-07-04,73408,64
2022-07-04,73411,51
2022-07-04,73443,86
2022-07-04,73449,25
2022-07-04,73461,56
2022-07-04,73483,23
2022-07-04,73504,7
2022-07-04,73520,42
2022-07-04,73547,62
2022-07-04,73555,13
2022-07-04,73563,29
2022-07-04,73585,2
2022-07-04,73616,57
2022-07-04,73622,50
2022-07-04,73624,10
2022-07-04,73671,49
2022-07-04,73675,6
2022-07-04,73678,81
2022-07-04,73686,58
2022-07-04,73770,14
2022-07-04,73854,86
2022-07-04,73861,85
2022-07-04,73870,55
2022-07-04,73873,29
2022-07-04,76001,82
2022-07-04,76020,66
2022-07-04,76036,46
2022-07-04,76041,7
2022-07-04,76054,68
2022-07-04,76100,28
2022-07-04,76109,43
2022-07-04,76111,41
2022-07-04,76113,89
2022-07-04,76122,40
2022-07-04,76126,20
2022-07-04,76130,21
2022-07-04,76147,23
2022-07-04,76233,16
2022-07-04,76243,35
2022-07-04,76246,46
2022-07-04,76248,78
2022-07-04,76250,23
2022-07-04,76275,15
2022-07-04,76306,29
2022-07-04,76318,60
2022-07-04,76364,88
2022-07-04,76377,77
2022-07-04,76400,35
2022-07-04,76403,76
2022-07-04,76497,74
2022-07-04,76520,20
2022-07-04,76563,69
2022-07-04,76606,32
2022-07-04,76616,74
2022-07-04,76622,28
2022-07-04,76670,67
2022-07-04,76736,46
2022-07-04,76823,28
2022-07-04,76828,40
2022-07-04,76834,24
2022-07-04,76845,56
2022-07-04,76863,31
2022-07-04,76869,13
2022-07-04,76890,12
2022-07-04,76892,14
2022-07-04,76895,47
2022-07-04,81001,34
2022-07-04,81065,34
2022-07-04,81220,31
2022-07-04,81300,50
2022-07-04,81591,64
2022-07-04,81736,13
2022-07-04,81794,69
2022-07-04,85001,2
2022-07-04,85010,1
2022-07-04,85015,84
2022-07-04,85125,20
2022-07-04,85136,36
2022-07-04,85139,58
2022-07-04,85162,79
2022-07-04,85225,10
2022-07-04,85230,45
2022-07-04,85250,60
2022-07-04,85263,95
2022-07-04,85279,6
2022-07-04,85300,91
2022-07-04,85315,78
2022-07-04,85325,2
2022-07-04,85400,2
2022-07-04,85410,42
2022-07-04,85430,99
2022-07-04,85440,77
2022-07-04,86001,52
2022-07-04,86219,15
2022-07-04,86320,55
2022-07-04,86568,97
2022-07-04,86569,9
2022-07-04,86571,8
2022-07-04,86573,81
2022-07-04,86749,82
2022-07-04,86755,27
2022-07-04,86757,26
2022-07-04,86760,71
2022-07-04,86865,39
2022-07-04,86885,16
2022-07-04,88001,51
2022-07-04,88564,14
2022-07-04,91001,97
2022-07-04,91263,46
2022-07-04,91405,33
2022-07-04,91407,80
2022-07-04,91430,36
2022-07-04,91460,71
2022-07-04,91530,66
2022-07-04,91536,87
2022-07-04,91540,38
2022-07-04,91669,79
2022-07-04,91798,62
2022-07-04,94001,9
2022-07-04,94343,84
2022-07-04,94883,38
2022-07-04,94884,47
2022-07-04,94885,28
2022-07-04,94886,63
2022-07-04,94887,98
2022-07-04,94888,53
2022-07-04,95001,11
2022-07-04,95015,21
2022-07-04,95025,2
2022-07-04,95200,24
2022-07-04,97001,4
2022-07-04,97161,10
2022-07-04,97511,39
2022-07-04,97666,11
2022-07-04,97777,98
2022-07-04,97889,41
2022-07-04,99001,33
2022-07-04,99524,39
2022-07-04,99624,9
2022-07-04,99773,28
2022-07-04,94663,47
